filename,class,xmin,ymin,xmax,ymax
IMG_4861_mp4-50_jpg.rf.7173e37ed9f62f8939af82323289faf2.jpg,no-mask,171.11578,71.764435,458.01324,216.62125
video_CDC-YOUTUBE_mp4-58_jpg.rf.370d5f316397477da0ff4f44799b1da9.jpg,mask,224.06725,191.2406,285.13815,235.97906
video_CDC-YOUTUBE_mp4-57_jpg.rf.de4856b9a314980e4113335576f453a8.jpg,mask,254.557,193.86551,318.15646,241.29803
IMG_3102_mp4-0_jpg.rf.6a18575fb4bf7f69cc9006b9a5f34e08.jpg,no-mask,194.40479,153.30096,481.88135,377.4164
IMG_3094_mp4-34_jpg.rf.11eecb9601680286dc8338d5e8b9acb2.jpg,no-mask,156.12569,204.41586,490.24054,451.58035
IMG_3100_mp4-22_jpg.rf.5cd5ee55e81838ff0a10d41a906e4811.jpg,mask,160.85422,186.52182,477.28134,440.5986
IMG_4861_mp4-22_jpg.rf.287fa919e56ae28def30735639851d1c.jpg,no-mask,18.198223,123.71464,300.76743,369.08368
012106_jpg_1140x855_jpg.rf.b784fe385fa3967de70f9d20c0c73429.jpg,no-mask,265.77386,106.18308,410.80978,350.27576
IMG_0873_mp4-5_jpg.rf.221b34cf6b46d41a81d674baec581a14.jpg,no-mask,168.67535,132.32173,492.45834,400.2152
IMG_3094_mp4-16_jpg.rf.dd59fa65d58061b3fd22e8b79eb3827e.jpg,no-mask,188.62175,254.60701,497.72098,517.71844
IMG_4849_mp4-46_jpg.rf.c842cbb15d9565f19550e733ed736fee.jpg,no-mask,214.4262,165.43266,349.74908,281.06552
Apple-Tests-Face-ID-Feature-While-Wearing-a-Mask-Shorts_mp4-39_jpg.rf.c5e8c9e7da5c4833ebd428d97dd4cd33.jpg,no-mask,172.63412,169.34964,482.62262,392.97186
video_CDC-YOUTUBE_mp4-39_jpg.rf.1c0863a2cdead89c96a5a00099001b5c.jpg,mask,139.78004,226.96394,335.94116,378.42688
IMG_4860_mp4-16_jpg.rf.411ff5da0837aff460014ee8e5dc62a8.jpg,no-mask,147.25385,328.28625,205.85014,367.6333
IMG_4860_mp4-12_jpg.rf.1781ffcadd06a00c8f5b114e4d23b5e9.jpg,no-mask,273.81213,351.25516,319.02692,375.75616
IMG_3093_mp4-6_jpg.rf.e6968ac27aad22a56f05d8756bda12d1.jpg,mask,181.99318,217.91483,520.1627,483.31433
How-to-Properly-Wear-a-Face-Mask-_-UC-San-Diego-Health_mp4-97_jpg.rf.841de449bb52ecaa1ca2196e2f72cbc6.jpg,no-mask,259.96466,124.69147,447.38464,437.47992
THE-HAVE-IT-ALL-TOUR-STARTS-TOMORROW-shorts-funny-standupcomedy-comedy-comedian-dating_mp4-9_jpg.rf.359da658b0999e912e729c38f5838f87.jpg,no-mask,153.0092,131.60703,322.38644,260.29086
1303078448-China-Coronavirus-Death-Toll-Hits-304_jpg.rf.a6f3455eb0648b7c226e3c91e329e943.jpg,mask,182.6609,106.843216,286.63263,269.70563
Apple-Tests-Face-ID-Feature-While-Wearing-a-Mask-Shorts_mp4-1_jpg.rf.b418c7f1d41950b7e19f55f334693169.jpg,mask,124.21915,120.15216,461.6671,388.83026
IMG_0871_mp4-19_jpg.rf.1aa53957d0f368529eb995861f55adb3.jpg,mask,153.99368,149.92548,502.14584,425.15472
IMG_4861_mp4-1_jpg.rf.7fe334aa62780ca9303dcde172d56410.jpg,no-mask,345.72803,205.10704,609.2412,431.79797
IMG_0873_MOV-1_jpg.rf.5ca65a952f300fb65b415a7ac848f95a.jpg,no-mask,200.83981,111.2093,507.612,377.1298
IMG_4861_mp4-6_jpg.rf.e0d60552d526ccd84863173fb7470449.jpg,no-mask,253.39581,137.92392,551.2759,384.25256
IMG_4860_mp4-19_jpg.rf.368a23fd16e38cce656dac90a6678dd4.jpg,no-mask,159.85791,328.4823,228.83363,370.12805
IMG_3102_mp4-5_jpg.rf.41636f1d89a85858252bda24aa295060.jpg,no-mask,163.26753,171.98961,474.98663,424.62305
videoplayback-1-_mp4-39_jpg.rf.c6b9de7158c88bef20d8a10530f88357.jpg,no-mask,397.39764,150.39551,458.64914,203.11185
IMG_6622_mp4-13_jpg.rf.209806c6f85e84169f1fd7fb4327a2fc.jpg,mask,217.50232,195.58495,577.4115,486.63684
IMG_1492_mp4-22_jpg.rf.a8691873b03c8255550cd10b525bb5e6.jpg,no-mask,200.59386,175.86911,579.32196,491.54422
IMG_3093_mp4-17_jpg.rf.b545e49d12fd70bba4cc71be063bd7d0.jpg,mask,132.50491,240.6424,435.1378,467.92972
IMG_3100_mp4-24_jpg.rf.aa1cbaff65109302dccaaa9ebec69e30.jpg,mask,144.04492,113.91784,504.26233,380.52435
IMG_1493_mp4-21_jpg.rf.c5a3e237451e64e0674d5b0a6d556c25.jpg,no-mask,67.755806,187.52396,432.69104,487.8329
IMG_3100_mp4-27_jpg.rf.8bcc77cda09f4b865503adba0492da64.jpg,mask,144.90134,134.99603,549.8589,417.2612
video_CDC-YOUTUBE_mp4-30_jpg.rf.a10191b12763868462f995da60a12941.jpg,mask,271.3058,241.33774,386.80505,333.00763
How-to-Properly-Wear-a-Face-Mask-_-UC-San-Diego-Health_mp4-61_jpg.rf.e176cb291644e34d014d4391ff7c5e95.jpg,mask,208.1822,104.452354,311.92535,341.6725
IMG_4861_mp4-53_jpg.rf.507795a43df0b6ac554a94b95896e6d8.jpg,no-mask,145.40746,85.558205,461.50894,255.70517
IMG_4860_mp4-31_jpg.rf.19b88698cf8f74ee85b0e73b4e24f32c.jpg,no-mask,233.34892,308.252,285.8355,339.3603
IMG_4921-2_mp4-111_jpg.rf.92da68db4cb766bb76906d4b269b638d.jpg,no-mask,98.7681,257.69214,429.92303,533.8966
Apple-Tests-Face-ID-Feature-While-Wearing-a-Mask-Shorts_mp4-30_jpg.rf.9ae6cf145207b9047166b4e702e833c0.jpg,no-mask,142.2516,159.49405,414.9385,367.70844
IMG_4920_mov-3_jpg.rf.d1fe4bf75ed7be7c97f85e4d1370eb18.jpg,mask,236.55994,242.64893,559.5845,456.03876
IMG_0873_mp4-3_jpg.rf.46896bfd9b33387daf035555e8596720.jpg,no-mask,203.96172,117.50438,507.87598,363.95
IMG_3100_mp4-17_jpg.rf.0ce2814d385f7d7e26535a4a89b98033.jpg,mask,193.4575,220.78368,460.55536,442.31494
IMG_4861_mp4-4_jpg.rf.c34a8a22d84c641169322641c10fa17a.jpg,no-mask,-0.4757595,210.83713,147.74484,384.2417
videoplayback-1-_mp4-3_jpg.rf.4688bf27f5538efb2380ea2e81e70e84.jpg,no-mask,448.66534,163.05215,510.80966,211.07048
IMG_0871_MOV-22_jpg.rf.6ac73cf8114bae759970844e54919a4c.jpg,mask,139.58096,157.78143,470.19974,412.3721
IMG_4861_mp4-51_jpg.rf.42b1555d711c1936519f2fc7ed565aa0.jpg,no-mask,161.83469,70.64209,460.56595,224.85901
IMG_4861_mp4-42_jpg.rf.cb9a4b243749f506b63bab242ce036f6.jpg,no-mask,372.46307,269.1601,633.6952,486.37802
How-to-Properly-Wear-a-Face-Mask-_-UC-San-Diego-Health_mp4-109_jpg.rf.f536f21562b648fa1711c5551cfe80b9.jpg,mask,254.79343,124.292755,404.08875,435.1289
IMG_0871_mp4-7_jpg.rf.4369c16792be03d03069063e59a1c786.jpg,mask,168.38391,139.55319,499.19928,409.42935
videoplayback-1-_mp4-34_jpg.rf.69baa5b11a7067427ab2218952047f7c.jpg,no-mask,412.6918,128.88069,481.2234,185.46939
IMG_4860_mp4-44_jpg.rf.e2e6a8008d0cda580c49b57ea3c7e49d.jpg,no-mask,266.95856,191.22862,318.97552,223.21336
IMG_4869_mp4-6_jpg.rf.044ccf400303c0c5fc6a1aefd6fc278b.jpg,no-mask,170.42671,224.70996,256.2607,288.88315
How-to-Properly-Wear-a-Face-Mask-_-UC-San-Diego-Health_mp4-62_jpg.rf.7a81ec327f644d6923c3f1a664458abb.jpg,mask,158.19994,78.65088,309.11993,384.208
IMG_4860_mp4-33_jpg.rf.df90e6f5b762f0500545210dc4c21438.jpg,no-mask,287.83197,228.94717,340.6731,264.3716
How-to-Properly-Wear-a-Face-Mask-_-UC-San-Diego-Health_mp4-115_jpg.rf.7fc798eb3d95d468a7d600a01a64febb.jpg,mask,137.2529,119.01444,184.14278,261.96768
